10838-MOTHER, 10838-MOTHER
11796-MOTHER, 11796-MOTHER
12076-iMac-27, 12076-MOTHER
12179-MOTHER, 12179-MOTHER
12411-MOTHER, 12411-MOTHER
12415-MOTHER, 12415-MOTHER
12683-MacBook-Pro-15, 12683-MOTHER
13020-MOTHER, 13020-MOTHER
14598-iMac 27, 14598-MOTHER
15218-iMac-27, 15218-MOTHER
15221-iMac-27, 15221-MOTHER
15326-Jeremiah, 15326-Valiant
15326-Test, 15326-Jeremiah
15326-Valiant, 15326-Test
15389-MOTHER, 15389-MOTHER
15400-Mother, 15400-MOTHER
15568-MOTHER, 15568-MOTHER
15570-Mother, 15570-MOTHER
16020-MOTHER, 16020-MOTHER
LAFLCC-MOTHER, TBD-MOTHER
MotherLA-Freelance-iMac, TBD1-MOTHER
Valiants-iMac, TBD2-MOTHER
